,image_path,label
0,stylegan2_new/99782.png,1
1,FFHQ/30089.png,0
2,FFHQ/37121.png,0
3,stylegan2_new/104085.png,1
4,stylegan2_new/87986.png,1
5,stylegan2_new/53704.png,1
6,FFHQ/06633.png,0
7,FFHQ/19585.png,0
8,FFHQ/23755.png,0
9,stylegan2_new/107879.png,1
10,FFHQ/19186.png,0
11,stylegan2_new/71674.png,1
12,stylegan2_new/108344.png,1
13,FFHQ/14859.png,0
14,stylegan2_new/88442.png,1
15,FFHQ/47597.png,0
16,stylegan2_new/78139.png,1
17,stylegan2_new/77688.png,1
18,stylegan2_new/97513.png,1
19,FFHQ/24060.png,0
20,FFHQ/49993.png,0
21,stylegan2_new/89887.png,1
22,stylegan2_new/57973.png,1
23,FFHQ/28543.png,0
24,stylegan2_new/58490.png,1
25,FFHQ/24895.png,0
26,stylegan2_new/101151.png,1
27,stylegan2_new/116284.png,1
28,stylegan2_new/57768.png,1
29,FFHQ/25000.png,0
30,FFHQ/21574.png,0
31,stylegan2_new/62429.png,1
32,FFHQ/14058.png,0
33,FFHQ/26888.png,0
34,stylegan2_new/65532.png,1
35,stylegan2_new/94845.png,1
36,FFHQ/51923.png,0
37,FFHQ/06640.png,0
38,FFHQ/38794.png,0
39,stylegan2_new/86812.png,1
40,stylegan2_new/55505.png,1
41,FFHQ/27152.png,0
42,FFHQ/25761.png,0
43,FFHQ/52501.png,0
44,stylegan2_new/55769.png,1
45,stylegan2_new/51499.png,1
46,FFHQ/30518.png,0
47,FFHQ/39517.png,0
48,stylegan2_new/63823.png,1
49,FFHQ/28172.png,0
50,FFHQ/49811.png,0
51,stylegan2_new/118357.png,1
52,FFHQ/24504.png,0
53,FFHQ/48296.png,0
54,stylegan2_new/75360.png,1
55,stylegan2_new/60973.png,1
56,stylegan2_new/108227.png,1
57,stylegan2_new/60310.png,1
58,stylegan2_new/54694.png,1
59,stylegan2_new/96064.png,1
60,stylegan2_new/92294.png,1
61,FFHQ/44390.png,0
62,FFHQ/29239.png,0
63,FFHQ/48077.png,0
64,FFHQ/21970.png,0
65,stylegan2_new/51210.png,1
66,FFHQ/00954.png,0
67,FFHQ/34461.png,0
68,stylegan2_new/106327.png,1
69,stylegan2_new/75486.png,1
70,stylegan2_new/50552.png,1
71,stylegan2_new/100971.png,1
72,FFHQ/35774.png,0
73,stylegan2_new/67105.png,1
74,stylegan2_new/67640.png,1
75,FFHQ/17653.png,0
76,stylegan2_new/55642.png,1
77,FFHQ/32188.png,0
78,stylegan2_new/117961.png,1
79,stylegan2_new/65062.png,1
80,FFHQ/46850.png,0
81,FFHQ/47187.png,0
82,stylegan2_new/74654.png,1
83,stylegan2_new/60352.png,1
84,FFHQ/50353.png,0
85,FFHQ/31163.png,0
86,stylegan2_new/89042.png,1
87,stylegan2_new/100599.png,1
88,stylegan2_new/55367.png,1
89,stylegan2_new/111420.png,1
90,stylegan2_new/108777.png,1
91,stylegan2_new/111614.png,1
92,FFHQ/47494.png,0
93,FFHQ/03281.png,0
94,FFHQ/08940.png,0
95,FFHQ/28912.png,0
96,stylegan2_new/91971.png,1
97,FFHQ/39526.png,0
98,FFHQ/45214.png,0
99,stylegan2_new/115614.png,1
100,FFHQ/38107.png,0
101,stylegan2_new/115500.png,1
102,stylegan2_new/89984.png,1
103,stylegan2_new/112653.png,1
104,FFHQ/06872.png,0
105,FFHQ/53743.png,0
106,FFHQ/06050.png,0
107,stylegan2_new/114564.png,1
108,stylegan2_new/54575.png,1
109,FFHQ/13370.png,0
110,FFHQ/43330.png,0
111,stylegan2_new/90117.png,1
112,FFHQ/30027.png,0
113,stylegan2_new/85430.png,1
114,stylegan2_new/67119.png,1
115,FFHQ/28629.png,0
116,FFHQ/45017.png,0
117,stylegan2_new/91688.png,1
118,FFHQ/13566.png,0
119,FFHQ/37802.png,0
120,stylegan2_new/74474.png,1
121,stylegan2_new/87805.png,1
122,stylegan2_new/118332.png,1
123,stylegan2_new/83726.png,1
124,FFHQ/29393.png,0
125,stylegan2_new/57811.png,1
126,stylegan2_new/112283.png,1
127,stylegan2_new/68304.png,1
128,stylegan2_new/81907.png,1
129,FFHQ/33588.png,0
130,stylegan2_new/101461.png,1
131,FFHQ/05333.png,0
132,FFHQ/48912.png,0
133,FFHQ/31235.png,0
134,stylegan2_new/93361.png,1
135,stylegan2_new/53288.png,1
136,FFHQ/42814.png,0
137,stylegan2_new/72459.png,1
138,FFHQ/38445.png,0
139,stylegan2_new/82534.png,1
140,FFHQ/14729.png,0
141,stylegan2_new/99664.png,1
142,FFHQ/31989.png,0
143,stylegan2_new/74921.png,1
144,stylegan2_new/99454.png,1
145,stylegan2_new/99278.png,1
146,stylegan2_new/101750.png,1
147,FFHQ/47974.png,0
148,stylegan2_new/113540.png,1
149,stylegan2_new/116356.png,1
150,stylegan2_new/80834.png,1
151,FFHQ/12473.png,0
152,FFHQ/35974.png,0
153,stylegan2_new/97568.png,1
154,FFHQ/50225.png,0
155,stylegan2_new/113537.png,1
156,stylegan2_new/112132.png,1
157,stylegan2_new/79820.png,1
158,stylegan2_new/70145.png,1
159,stylegan2_new/101195.png,1
160,stylegan2_new/89699.png,1
161,FFHQ/02828.png,0
162,FFHQ/45496.png,0
163,FFHQ/44657.png,0
164,stylegan2_new/59251.png,1
165,stylegan2_new/85658.png,1
166,stylegan2_new/65907.png,1
167,stylegan2_new/100165.png,1
168,stylegan2_new/83699.png,1
169,FFHQ/21978.png,0
170,FFHQ/30876.png,0
171,stylegan2_new/112378.png,1
172,FFHQ/05482.png,0
173,stylegan2_new/85205.png,1
174,FFHQ/03866.png,0
175,stylegan2_new/83643.png,1
176,stylegan2_new/85092.png,1
177,stylegan2_new/72557.png,1
178,FFHQ/48702.png,0
179,stylegan2_new/102074.png,1
180,FFHQ/04872.png,0
181,stylegan2_new/77925.png,1
182,stylegan2_new/59529.png,1
183,stylegan2_new/51764.png,1
184,stylegan2_new/94529.png,1
185,FFHQ/01347.png,0
186,stylegan2_new/56989.png,1
187,FFHQ/41956.png,0
188,FFHQ/20967.png,0
189,FFHQ/15405.png,0
190,FFHQ/04261.png,0
191,FFHQ/00881.png,0
192,FFHQ/29518.png,0
193,stylegan2_new/54272.png,1
194,FFHQ/17990.png,0
195,FFHQ/13983.png,0
196,stylegan2_new/107368.png,1
197,stylegan2_new/56355.png,1
198,FFHQ/31439.png,0
199,FFHQ/31756.png,0
200,stylegan2_new/62178.png,1
201,FFHQ/42833.png,0
202,FFHQ/53948.png,0
203,FFHQ/05924.png,0
204,FFHQ/12668.png,0
205,FFHQ/11382.png,0
206,FFHQ/52460.png,0
207,stylegan2_new/59380.png,1
208,FFHQ/21452.png,0
209,FFHQ/39035.png,0
210,stylegan2_new/99940.png,1
211,FFHQ/34771.png,0
212,stylegan2_new/91091.png,1
213,FFHQ/16606.png,0
214,FFHQ/13773.png,0
215,stylegan2_new/57261.png,1
216,FFHQ/48730.png,0
217,FFHQ/27519.png,0
218,FFHQ/41754.png,0
219,FFHQ/08631.png,0
220,stylegan2_new/67541.png,1
221,FFHQ/00981.png,0
222,FFHQ/53483.png,0
223,stylegan2_new/102174.png,1
224,FFHQ/41620.png,0
225,FFHQ/08091.png,0
226,FFHQ/27932.png,0
227,stylegan2_new/79926.png,1
228,FFHQ/48053.png,0
229,stylegan2_new/67790.png,1
230,stylegan2_new/52765.png,1
231,FFHQ/25131.png,0
232,FFHQ/00074.png,0
233,stylegan2_new/110848.png,1
234,FFHQ/50357.png,0
235,FFHQ/19139.png,0
236,stylegan2_new/103513.png,1
237,FFHQ/19900.png,0
238,stylegan2_new/95670.png,1
239,FFHQ/39430.png,0
240,FFHQ/13803.png,0
241,FFHQ/53263.png,0
242,stylegan2_new/65088.png,1
243,stylegan2_new/96380.png,1
244,stylegan2_new/82460.png,1
245,stylegan2_new/50348.png,1
246,stylegan2_new/112040.png,1
247,stylegan2_new/58838.png,1
248,FFHQ/35535.png,0
249,FFHQ/31508.png,0
250,FFHQ/26960.png,0
251,stylegan2_new/84126.png,1
252,stylegan2_new/65326.png,1
253,stylegan2_new/78523.png,1
254,stylegan2_new/81750.png,1
255,FFHQ/45157.png,0
256,stylegan2_new/110067.png,1
257,stylegan2_new/67011.png,1
258,stylegan2_new/110667.png,1
259,stylegan2_new/90395.png,1
260,FFHQ/49078.png,0
261,stylegan2_new/75928.png,1
262,FFHQ/37258.png,0
263,stylegan2_new/105072.png,1
264,FFHQ/50873.png,0
265,FFHQ/19302.png,0
266,stylegan2_new/85585.png,1
267,stylegan2_new/67776.png,1
268,FFHQ/00274.png,0
269,FFHQ/45901.png,0
270,stylegan2_new/79597.png,1
271,FFHQ/25702.png,0
272,FFHQ/40483.png,0
273,stylegan2_new/56026.png,1
274,stylegan2_new/67114.png,1
275,FFHQ/24709.png,0
276,FFHQ/22032.png,0
277,stylegan2_new/76031.png,1
278,FFHQ/45065.png,0
279,FFHQ/49050.png,0
280,stylegan2_new/98484.png,1
281,stylegan2_new/70783.png,1
282,FFHQ/38895.png,0
283,FFHQ/21289.png,0
284,stylegan2_new/56299.png,1
285,FFHQ/26344.png,0
286,FFHQ/06254.png,0
287,FFHQ/36691.png,0
288,FFHQ/53632.png,0
289,stylegan2_new/104036.png,1
290,stylegan2_new/86704.png,1
291,stylegan2_new/111805.png,1
292,FFHQ/51600.png,0
293,FFHQ/37236.png,0
294,FFHQ/05399.png,0
295,stylegan2_new/61592.png,1
296,FFHQ/52698.png,0
297,FFHQ/02940.png,0
298,stylegan2_new/77724.png,1
299,stylegan2_new/100683.png,1
300,stylegan2_new/51240.png,1
301,FFHQ/02231.png,0
302,stylegan2_new/103945.png,1
303,stylegan2_new/117049.png,1
304,stylegan2_new/53879.png,1
305,FFHQ/35623.png,0
306,stylegan2_new/72658.png,1
307,stylegan2_new/86036.png,1
308,stylegan2_new/82262.png,1
309,stylegan2_new/109123.png,1
310,FFHQ/44298.png,0
311,FFHQ/50567.png,0
312,FFHQ/51132.png,0
313,stylegan2_new/116301.png,1
314,stylegan2_new/119224.png,1
315,stylegan2_new/103327.png,1
316,stylegan2_new/88552.png,1
317,stylegan2_new/59163.png,1
318,stylegan2_new/109056.png,1
319,FFHQ/35467.png,0
320,FFHQ/17642.png,0
321,FFHQ/02855.png,0
322,FFHQ/48641.png,0
323,stylegan2_new/79896.png,1
324,FFHQ/21433.png,0
325,stylegan2_new/73798.png,1
326,FFHQ/37295.png,0
327,FFHQ/11237.png,0
328,stylegan2_new/106295.png,1
329,stylegan2_new/66636.png,1
330,stylegan2_new/85488.png,1
331,FFHQ/06869.png,0
332,FFHQ/16717.png,0
333,stylegan2_new/86925.png,1
334,FFHQ/40383.png,0
335,stylegan2_new/105909.png,1
336,stylegan2_new/54533.png,1
337,stylegan2_new/96849.png,1
338,stylegan2_new/61851.png,1
339,stylegan2_new/103416.png,1
340,stylegan2_new/66736.png,1
341,FFHQ/15021.png,0
342,stylegan2_new/109000.png,1
343,stylegan2_new/102224.png,1
344,stylegan2_new/60809.png,1
345,stylegan2_new/63115.png,1
346,FFHQ/30545.png,0
347,stylegan2_new/94277.png,1
348,stylegan2_new/84373.png,1
349,stylegan2_new/115683.png,1
350,stylegan2_new/77379.png,1
351,FFHQ/45079.png,0
352,stylegan2_new/90954.png,1
353,FFHQ/46338.png,0
354,FFHQ/17661.png,0
355,stylegan2_new/74201.png,1
356,stylegan2_new/61213.png,1
357,FFHQ/29274.png,0
358,FFHQ/15449.png,0
359,stylegan2_new/103406.png,1
360,FFHQ/27278.png,0
361,stylegan2_new/67377.png,1
362,stylegan2_new/58915.png,1
363,FFHQ/40998.png,0
364,stylegan2_new/116397.png,1
365,stylegan2_new/52921.png,1
366,FFHQ/20750.png,0
367,FFHQ/37429.png,0
368,stylegan2_new/65271.png,1
369,stylegan2_new/60884.png,1
370,stylegan2_new/112938.png,1
371,stylegan2_new/105133.png,1
372,stylegan2_new/75057.png,1
373,FFHQ/31401.png,0
374,stylegan2_new/93829.png,1
375,FFHQ/34922.png,0
376,FFHQ/28477.png,0
377,FFHQ/17150.png,0
378,stylegan2_new/114703.png,1
379,FFHQ/26583.png,0
380,stylegan2_new/58229.png,1
381,FFHQ/37018.png,0
382,FFHQ/42087.png,0
383,FFHQ/31955.png,0
384,FFHQ/49962.png,0
385,stylegan2_new/109377.png,1
386,FFHQ/06150.png,0
387,FFHQ/21962.png,0
388,stylegan2_new/95173.png,1
389,FFHQ/08223.png,0
390,FFHQ/06976.png,0
391,FFHQ/31187.png,0
392,FFHQ/00621.png,0
393,stylegan2_new/113328.png,1
394,stylegan2_new/64857.png,1
395,FFHQ/48018.png,0
396,FFHQ/29091.png,0
397,stylegan2_new/90193.png,1
398,stylegan2_new/98207.png,1
399,stylegan2_new/95567.png,1
400,stylegan2_new/102838.png,1
401,stylegan2_new/93435.png,1
402,FFHQ/19089.png,0
403,FFHQ/45968.png,0
404,stylegan2_new/111238.png,1
405,FFHQ/07141.png,0
406,stylegan2_new/100043.png,1
407,stylegan2_new/82836.png,1
408,FFHQ/05201.png,0
409,stylegan2_new/67238.png,1
410,stylegan2_new/118231.png,1
411,stylegan2_new/74019.png,1
412,FFHQ/25687.png,0
413,FFHQ/01237.png,0
414,FFHQ/43280.png,0
415,FFHQ/12691.png,0
416,stylegan2_new/70371.png,1
417,stylegan2_new/59586.png,1
418,stylegan2_new/92908.png,1
419,FFHQ/08042.png,0
420,FFHQ/27520.png,0
421,FFHQ/37339.png,0
422,FFHQ/16062.png,0
423,stylegan2_new/82905.png,1
424,FFHQ/31351.png,0
425,stylegan2_new/64439.png,1
426,FFHQ/42760.png,0
427,stylegan2_new/111654.png,1
428,FFHQ/19928.png,0
429,stylegan2_new/86637.png,1
430,stylegan2_new/54825.png,1
431,stylegan2_new/54840.png,1
432,stylegan2_new/112183.png,1
433,stylegan2_new/119470.png,1
434,stylegan2_new/79516.png,1
435,stylegan2_new/75565.png,1
436,stylegan2_new/63678.png,1
437,FFHQ/12569.png,0
438,FFHQ/29808.png,0
439,stylegan2_new/50168.png,1
440,stylegan2_new/71242.png,1
441,stylegan2_new/113712.png,1
442,FFHQ/19143.png,0
443,FFHQ/29789.png,0
444,FFHQ/49913.png,0
445,stylegan2_new/94628.png,1
446,stylegan2_new/93317.png,1
447,stylegan2_new/112247.png,1
448,FFHQ/45284.png,0
449,stylegan2_new/118543.png,1
450,stylegan2_new/81719.png,1
451,FFHQ/23303.png,0
452,FFHQ/32204.png,0
453,FFHQ/15600.png,0
454,FFHQ/22145.png,0
455,stylegan2_new/54478.png,1
456,stylegan2_new/118096.png,1
457,FFHQ/23396.png,0
458,stylegan2_new/117716.png,1
459,FFHQ/34102.png,0
460,stylegan2_new/93410.png,1
461,stylegan2_new/98847.png,1
462,FFHQ/17570.png,0
463,FFHQ/33774.png,0
464,stylegan2_new/85568.png,1
465,FFHQ/04370.png,0
466,FFHQ/30102.png,0
467,stylegan2_new/114978.png,1
468,FFHQ/50015.png,0
469,FFHQ/50555.png,0
470,stylegan2_new/111161.png,1
471,stylegan2_new/116312.png,1
472,FFHQ/00815.png,0
473,FFHQ/43194.png,0
474,FFHQ/18976.png,0
475,FFHQ/50798.png,0
476,stylegan2_new/79233.png,1
477,stylegan2_new/107366.png,1
478,stylegan2_new/88902.png,1
479,stylegan2_new/119798.png,1
480,FFHQ/08935.png,0
481,FFHQ/46260.png,0
482,FFHQ/20795.png,0
483,stylegan2_new/104439.png,1
484,FFHQ/36909.png,0
485,FFHQ/35179.png,0
486,FFHQ/05456.png,0
487,FFHQ/25599.png,0
488,stylegan2_new/111395.png,1
489,stylegan2_new/86134.png,1
490,FFHQ/25642.png,0
491,FFHQ/01691.png,0
492,FFHQ/08361.png,0
493,stylegan2_new/72118.png,1
494,stylegan2_new/82486.png,1
495,FFHQ/15423.png,0
496,stylegan2_new/115798.png,1
497,FFHQ/13259.png,0
498,stylegan2_new/59427.png,1
499,FFHQ/38332.png,0
500,FFHQ/30168.png,0
501,FFHQ/12282.png,0
502,stylegan2_new/115729.png,1
503,FFHQ/45533.png,0
504,FFHQ/46650.png,0
505,FFHQ/25331.png,0
506,stylegan2_new/60491.png,1
507,FFHQ/02900.png,0
508,FFHQ/51124.png,0
509,stylegan2_new/85662.png,1
510,stylegan2_new/88000.png,1
511,stylegan2_new/108610.png,1
512,stylegan2_new/119121.png,1
513,FFHQ/48320.png,0
514,FFHQ/52422.png,0
515,stylegan2_new/98442.png,1
516,stylegan2_new/71200.png,1
517,FFHQ/08514.png,0
518,stylegan2_new/91069.png,1
519,FFHQ/04959.png,0
520,FFHQ/35447.png,0
521,stylegan2_new/84487.png,1
522,FFHQ/16261.png,0
523,stylegan2_new/105806.png,1
524,stylegan2_new/81277.png,1
525,FFHQ/37214.png,0
526,stylegan2_new/67439.png,1
527,FFHQ/28855.png,0
528,FFHQ/06693.png,0
529,FFHQ/40012.png,0
530,stylegan2_new/64682.png,1
531,stylegan2_new/95107.png,1
532,stylegan2_new/57880.png,1
533,FFHQ/38678.png,0
534,FFHQ/38458.png,0
535,stylegan2_new/110523.png,1
536,FFHQ/52776.png,0
537,stylegan2_new/61639.png,1
538,FFHQ/24502.png,0
539,stylegan2_new/85761.png,1
540,stylegan2_new/72529.png,1
541,FFHQ/34217.png,0
542,FFHQ/11948.png,0
543,FFHQ/49672.png,0
544,FFHQ/46624.png,0
545,stylegan2_new/82217.png,1
546,FFHQ/38375.png,0
547,stylegan2_new/67400.png,1
548,FFHQ/36557.png,0
549,stylegan2_new/76540.png,1
550,stylegan2_new/114071.png,1
551,FFHQ/12132.png,0
552,stylegan2_new/113839.png,1
553,stylegan2_new/104872.png,1
554,stylegan2_new/84897.png,1
555,stylegan2_new/68484.png,1
556,stylegan2_new/112620.png,1
557,stylegan2_new/60900.png,1
558,FFHQ/45448.png,0
559,stylegan2_new/70653.png,1
560,stylegan2_new/74331.png,1
561,stylegan2_new/50264.png,1
562,stylegan2_new/70338.png,1
563,FFHQ/44622.png,0
564,FFHQ/13883.png,0
565,FFHQ/24506.png,0
566,stylegan2_new/61387.png,1
567,FFHQ/13309.png,0
568,stylegan2_new/100817.png,1
569,stylegan2_new/113519.png,1
570,stylegan2_new/105650.png,1
571,stylegan2_new/111937.png,1
572,stylegan2_new/95739.png,1
573,FFHQ/45439.png,0
574,FFHQ/49343.png,0
575,FFHQ/27757.png,0
576,stylegan2_new/102941.png,1
577,FFHQ/00255.png,0
578,stylegan2_new/116949.png,1
579,stylegan2_new/110602.png,1
580,FFHQ/39068.png,0
581,FFHQ/07541.png,0
582,FFHQ/33603.png,0
583,FFHQ/13663.png,0
584,stylegan2_new/67548.png,1
585,stylegan2_new/108445.png,1
586,stylegan2_new/67659.png,1
587,FFHQ/53880.png,0
588,stylegan2_new/51156.png,1
589,FFHQ/19593.png,0
590,stylegan2_new/90927.png,1
591,FFHQ/36404.png,0
592,FFHQ/02472.png,0
593,FFHQ/36214.png,0
594,FFHQ/04620.png,0
595,stylegan2_new/114547.png,1
596,FFHQ/30150.png,0
597,stylegan2_new/101321.png,1
598,FFHQ/01652.png,0
599,FFHQ/41464.png,0
600,FFHQ/20442.png,0
601,FFHQ/48849.png,0
602,stylegan2_new/72263.png,1
603,stylegan2_new/119496.png,1
604,stylegan2_new/64921.png,1
605,FFHQ/18783.png,0
606,FFHQ/35743.png,0
607,FFHQ/14000.png,0
608,FFHQ/14371.png,0
609,stylegan2_new/97881.png,1
610,FFHQ/06452.png,0
611,stylegan2_new/111270.png,1
612,FFHQ/39113.png,0
613,FFHQ/38994.png,0
614,FFHQ/27812.png,0
615,FFHQ/52061.png,0
616,stylegan2_new/78325.png,1
617,FFHQ/42835.png,0
618,FFHQ/52655.png,0
619,FFHQ/33240.png,0
620,stylegan2_new/114751.png,1
621,FFHQ/17693.png,0
622,stylegan2_new/116953.png,1
623,FFHQ/29752.png,0
624,FFHQ/46709.png,0
625,FFHQ/25533.png,0
626,FFHQ/26405.png,0
627,FFHQ/01862.png,0
628,FFHQ/43406.png,0
629,FFHQ/00430.png,0
630,stylegan2_new/89578.png,1
631,stylegan2_new/88536.png,1
632,FFHQ/27448.png,0
633,stylegan2_new/56669.png,1
634,FFHQ/21615.png,0
635,FFHQ/07096.png,0
636,FFHQ/53867.png,0
637,stylegan2_new/115499.png,1
638,stylegan2_new/52996.png,1
639,stylegan2_new/98176.png,1
640,stylegan2_new/86185.png,1
641,FFHQ/22471.png,0
642,FFHQ/12659.png,0
643,stylegan2_new/96894.png,1
644,stylegan2_new/55474.png,1
645,stylegan2_new/119111.png,1
646,stylegan2_new/61192.png,1
647,FFHQ/30577.png,0
648,stylegan2_new/57895.png,1
649,FFHQ/48937.png,0
650,stylegan2_new/112191.png,1
651,stylegan2_new/98413.png,1
652,FFHQ/11806.png,0
653,FFHQ/01654.png,0
654,FFHQ/25622.png,0
655,FFHQ/47115.png,0
656,stylegan2_new/86278.png,1
657,stylegan2_new/106455.png,1
658,FFHQ/23768.png,0
659,stylegan2_new/67937.png,1
660,stylegan2_new/71679.png,1
661,FFHQ/01694.png,0
662,stylegan2_new/115001.png,1
663,FFHQ/48658.png,0
664,stylegan2_new/83268.png,1
665,FFHQ/00644.png,0
666,stylegan2_new/116099.png,1
667,stylegan2_new/83932.png,1
668,FFHQ/18390.png,0
669,stylegan2_new/62585.png,1
670,stylegan2_new/68077.png,1
671,FFHQ/20760.png,0
672,stylegan2_new/103339.png,1
673,stylegan2_new/63463.png,1
674,FFHQ/22410.png,0
675,FFHQ/34526.png,0
676,stylegan2_new/80591.png,1
677,FFHQ/48847.png,0
678,FFHQ/47646.png,0
679,stylegan2_new/88080.png,1
680,stylegan2_new/112129.png,1
681,FFHQ/41802.png,0
682,FFHQ/17535.png,0
683,stylegan2_new/81271.png,1
684,FFHQ/48224.png,0
685,stylegan2_new/65604.png,1
686,FFHQ/04306.png,0
687,FFHQ/03338.png,0
688,stylegan2_new/69545.png,1
689,FFHQ/29024.png,0
690,FFHQ/07652.png,0
691,FFHQ/12049.png,0
692,FFHQ/46095.png,0
693,FFHQ/23135.png,0
694,FFHQ/17273.png,0
695,stylegan2_new/79360.png,1
696,stylegan2_new/60238.png,1
697,FFHQ/21154.png,0
698,FFHQ/12872.png,0
699,stylegan2_new/75850.png,1
700,FFHQ/15479.png,0
701,FFHQ/44176.png,0
702,FFHQ/00114.png,0
703,FFHQ/04828.png,0
704,FFHQ/25251.png,0
705,FFHQ/12731.png,0
706,stylegan2_new/106643.png,1
707,stylegan2_new/111296.png,1
708,FFHQ/25253.png,0
709,stylegan2_new/61521.png,1
710,stylegan2_new/70478.png,1
711,FFHQ/27754.png,0
712,FFHQ/08601.png,0
713,FFHQ/25915.png,0
714,stylegan2_new/97577.png,1
715,FFHQ/37531.png,0
716,stylegan2_new/98689.png,1
717,stylegan2_new/66460.png,1
718,FFHQ/35327.png,0
719,FFHQ/53945.png,0
720,stylegan2_new/89669.png,1
721,stylegan2_new/100500.png,1
722,FFHQ/47373.png,0
723,FFHQ/00230.png,0
724,stylegan2_new/86424.png,1
725,stylegan2_new/79811.png,1
726,FFHQ/20248.png,0
727,stylegan2_new/93438.png,1
728,FFHQ/38374.png,0
729,stylegan2_new/50095.png,1
730,stylegan2_new/107243.png,1
731,FFHQ/27570.png,0
732,stylegan2_new/58425.png,1
733,stylegan2_new/57379.png,1
734,stylegan2_new/107015.png,1
735,stylegan2_new/92160.png,1
736,stylegan2_new/95530.png,1
737,stylegan2_new/90640.png,1
738,FFHQ/39568.png,0
739,stylegan2_new/64081.png,1
740,stylegan2_new/80503.png,1
741,stylegan2_new/107687.png,1
742,FFHQ/29248.png,0
743,stylegan2_new/90507.png,1
744,FFHQ/02766.png,0
745,stylegan2_new/112480.png,1
746,FFHQ/53415.png,0
747,stylegan2_new/90808.png,1
748,stylegan2_new/116857.png,1
749,FFHQ/08184.png,0
750,FFHQ/22294.png,0
751,FFHQ/47148.png,0
752,FFHQ/04526.png,0
753,FFHQ/34702.png,0
754,FFHQ/03450.png,0
755,FFHQ/20206.png,0
756,FFHQ/28218.png,0
757,stylegan2_new/63154.png,1
758,FFHQ/34911.png,0
759,stylegan2_new/89210.png,1
760,stylegan2_new/85303.png,1
761,stylegan2_new/79703.png,1
762,FFHQ/38098.png,0
763,FFHQ/41213.png,0
764,FFHQ/28952.png,0
765,stylegan2_new/91200.png,1
766,FFHQ/53306.png,0
767,FFHQ/22061.png,0
768,stylegan2_new/59765.png,1
769,FFHQ/45564.png,0
770,stylegan2_new/90525.png,1
771,stylegan2_new/58740.png,1
772,FFHQ/08550.png,0
773,stylegan2_new/88769.png,1
774,FFHQ/51374.png,0
775,FFHQ/53748.png,0
776,FFHQ/12613.png,0
777,stylegan2_new/103493.png,1
778,FFHQ/44609.png,0
779,stylegan2_new/76271.png,1
780,FFHQ/20242.png,0
781,FFHQ/23527.png,0
782,stylegan2_new/61838.png,1
783,FFHQ/23055.png,0
784,stylegan2_new/110748.png,1
785,stylegan2_new/79065.png,1
786,stylegan2_new/59304.png,1
787,FFHQ/29185.png,0
788,stylegan2_new/92216.png,1
789,stylegan2_new/76466.png,1
790,FFHQ/42293.png,0
791,FFHQ/42583.png,0
792,stylegan2_new/70871.png,1
793,stylegan2_new/97736.png,1
794,stylegan2_new/95252.png,1
795,stylegan2_new/95835.png,1
796,stylegan2_new/100570.png,1
797,FFHQ/22854.png,0
798,FFHQ/02282.png,0
799,FFHQ/39454.png,0
800,stylegan2_new/65814.png,1
801,FFHQ/15918.png,0
802,stylegan2_new/73389.png,1
803,stylegan2_new/118043.png,1
804,stylegan2_new/112402.png,1
805,stylegan2_new/79702.png,1
806,stylegan2_new/101524.png,1
807,FFHQ/28872.png,0
808,stylegan2_new/102207.png,1
809,stylegan2_new/70730.png,1
810,FFHQ/29820.png,0
811,FFHQ/28956.png,0
812,FFHQ/17178.png,0
813,FFHQ/46452.png,0
814,FFHQ/07894.png,0
815,FFHQ/49720.png,0
816,FFHQ/21055.png,0
817,FFHQ/46993.png,0
818,FFHQ/30949.png,0
819,FFHQ/51272.png,0
820,FFHQ/32791.png,0
821,FFHQ/49982.png,0
822,stylegan2_new/58540.png,1
823,stylegan2_new/61438.png,1
824,stylegan2_new/106721.png,1
825,stylegan2_new/100989.png,1
826,stylegan2_new/54874.png,1
827,FFHQ/34491.png,0
828,FFHQ/42360.png,0
829,stylegan2_new/69216.png,1
830,FFHQ/34159.png,0
831,stylegan2_new/58448.png,1
832,stylegan2_new/102081.png,1
833,FFHQ/30804.png,0
834,stylegan2_new/114569.png,1
835,FFHQ/25571.png,0
836,stylegan2_new/118832.png,1
837,stylegan2_new/97951.png,1
838,stylegan2_new/100564.png,1
839,stylegan2_new/72172.png,1
840,FFHQ/29977.png,0
841,stylegan2_new/63586.png,1
842,FFHQ/11587.png,0
843,FFHQ/45052.png,0
844,stylegan2_new/64978.png,1
845,stylegan2_new/114496.png,1
846,stylegan2_new/73095.png,1
847,FFHQ/53665.png,0
848,stylegan2_new/107256.png,1
849,stylegan2_new/66074.png,1
850,FFHQ/46313.png,0
851,stylegan2_new/102916.png,1
852,FFHQ/08413.png,0
853,stylegan2_new/68108.png,1
854,stylegan2_new/72256.png,1
855,stylegan2_new/90815.png,1
856,FFHQ/32708.png,0
857,stylegan2_new/66341.png,1
858,FFHQ/02263.png,0
859,FFHQ/49277.png,0
860,FFHQ/11066.png,0
861,stylegan2_new/108199.png,1
862,FFHQ/31535.png,0
863,FFHQ/08556.png,0
864,FFHQ/13581.png,0
865,stylegan2_new/117966.png,1
866,stylegan2_new/91413.png,1
867,stylegan2_new/99595.png,1
868,stylegan2_new/93825.png,1
869,stylegan2_new/116470.png,1
870,FFHQ/00279.png,0
871,stylegan2_new/65342.png,1
872,stylegan2_new/63777.png,1
873,FFHQ/14464.png,0
874,stylegan2_new/114332.png,1
875,stylegan2_new/79544.png,1
876,stylegan2_new/108394.png,1
877,stylegan2_new/118356.png,1
878,stylegan2_new/71687.png,1
879,FFHQ/14012.png,0
880,stylegan2_new/82212.png,1
881,FFHQ/04289.png,0
882,FFHQ/27063.png,0
883,stylegan2_new/68347.png,1
884,stylegan2_new/73145.png,1
885,FFHQ/15036.png,0
886,stylegan2_new/104839.png,1
887,stylegan2_new/87921.png,1
888,stylegan2_new/113690.png,1
889,FFHQ/41260.png,0
890,stylegan2_new/88176.png,1
891,FFHQ/01411.png,0
892,stylegan2_new/76895.png,1
893,stylegan2_new/102358.png,1
894,stylegan2_new/112452.png,1
895,FFHQ/53098.png,0
896,stylegan2_new/92589.png,1
897,stylegan2_new/53610.png,1
898,stylegan2_new/85925.png,1
899,FFHQ/49866.png,0
900,FFHQ/20630.png,0
901,FFHQ/35138.png,0
902,FFHQ/08966.png,0
903,stylegan2_new/109032.png,1
904,FFHQ/20764.png,0
905,FFHQ/12393.png,0
906,FFHQ/01109.png,0
907,stylegan2_new/94873.png,1
908,stylegan2_new/73863.png,1
909,FFHQ/40044.png,0
910,FFHQ/00722.png,0
911,FFHQ/46795.png,0
912,stylegan2_new/77695.png,1
913,stylegan2_new/67710.png,1
914,stylegan2_new/59878.png,1
915,FFHQ/03781.png,0
916,FFHQ/28768.png,0
917,stylegan2_new/70729.png,1
918,stylegan2_new/105172.png,1
919,FFHQ/18492.png,0
920,stylegan2_new/80622.png,1
921,stylegan2_new/112545.png,1
922,FFHQ/00544.png,0
923,FFHQ/21097.png,0
924,stylegan2_new/95653.png,1
925,stylegan2_new/101377.png,1
926,FFHQ/37996.png,0
927,stylegan2_new/70900.png,1
928,stylegan2_new/90236.png,1
929,FFHQ/20679.png,0
930,FFHQ/29724.png,0
931,stylegan2_new/53243.png,1
932,FFHQ/34469.png,0
933,stylegan2_new/116947.png,1
934,stylegan2_new/53678.png,1
935,stylegan2_new/101630.png,1
936,FFHQ/16895.png,0
937,stylegan2_new/67908.png,1
938,FFHQ/33955.png,0
939,FFHQ/16408.png,0
940,stylegan2_new/87952.png,1
941,stylegan2_new/55846.png,1
942,FFHQ/32239.png,0
943,stylegan2_new/70099.png,1
944,stylegan2_new/74490.png,1
945,FFHQ/18271.png,0
946,FFHQ/49483.png,0
947,stylegan2_new/66183.png,1
948,FFHQ/33068.png,0
949,FFHQ/33860.png,0
950,FFHQ/47596.png,0
951,FFHQ/13256.png,0
952,stylegan2_new/56064.png,1
953,stylegan2_new/76800.png,1
954,FFHQ/50392.png,0
955,stylegan2_new/81330.png,1
956,FFHQ/46589.png,0
957,FFHQ/18751.png,0
958,FFHQ/03363.png,0
959,FFHQ/51580.png,0
960,stylegan2_new/93009.png,1
961,stylegan2_new/87516.png,1
962,FFHQ/33658.png,0
963,stylegan2_new/77428.png,1
964,FFHQ/43281.png,0
965,stylegan2_new/84284.png,1
966,stylegan2_new/112888.png,1
967,stylegan2_new/110119.png,1
968,FFHQ/20605.png,0
969,FFHQ/37953.png,0
970,FFHQ/37119.png,0
971,stylegan2_new/90369.png,1
972,FFHQ/53883.png,0
973,FFHQ/48437.png,0
974,FFHQ/03816.png,0
975,stylegan2_new/93043.png,1
976,FFHQ/44120.png,0
977,FFHQ/16754.png,0
978,stylegan2_new/92673.png,1
979,stylegan2_new/52089.png,1
980,stylegan2_new/60292.png,1
981,stylegan2_new/64714.png,1
982,stylegan2_new/60131.png,1
983,stylegan2_new/57740.png,1
984,stylegan2_new/65506.png,1
985,FFHQ/33702.png,0
986,FFHQ/33455.png,0
987,stylegan2_new/85862.png,1
988,FFHQ/34434.png,0
989,stylegan2_new/68499.png,1
990,stylegan2_new/54833.png,1
991,FFHQ/05377.png,0
992,FFHQ/15001.png,0
993,FFHQ/38272.png,0
994,stylegan2_new/91412.png,1
995,FFHQ/08272.png,0
996,FFHQ/52936.png,0
997,FFHQ/46676.png,0
998,stylegan2_new/63504.png,1
999,FFHQ/20337.png,0
1000,FFHQ/48992.png,0
1001,stylegan2_new/73056.png,1
1002,FFHQ/01180.png,0
1003,stylegan2_new/78998.png,1
1004,stylegan2_new/63079.png,1
1005,FFHQ/46360.png,0
1006,stylegan2_new/96388.png,1
1007,FFHQ/27411.png,0
1008,FFHQ/06571.png,0
1009,stylegan2_new/69013.png,1
1010,stylegan2_new/88053.png,1
1011,stylegan2_new/53233.png,1
1012,FFHQ/03041.png,0
1013,FFHQ/06406.png,0
1014,FFHQ/01065.png,0
1015,stylegan2_new/110159.png,1
1016,stylegan2_new/105528.png,1
1017,stylegan2_new/85111.png,1
1018,FFHQ/22852.png,0
1019,stylegan2_new/111149.png,1
1020,FFHQ/47819.png,0
1021,stylegan2_new/92197.png,1
1022,stylegan2_new/51593.png,1
1023,FFHQ/02910.png,0
1024,stylegan2_new/117913.png,1
1025,stylegan2_new/107616.png,1
1026,stylegan2_new/54900.png,1
1027,FFHQ/03436.png,0
1028,FFHQ/49567.png,0
1029,stylegan2_new/56975.png,1
1030,stylegan2_new/77452.png,1
1031,FFHQ/06949.png,0
1032,stylegan2_new/106723.png,1
1033,stylegan2_new/118295.png,1
1034,FFHQ/51164.png,0
1035,FFHQ/33622.png,0
1036,stylegan2_new/66685.png,1
1037,FFHQ/26722.png,0
1038,stylegan2_new/78084.png,1
1039,stylegan2_new/118961.png,1
1040,FFHQ/37437.png,0
1041,stylegan2_new/69577.png,1
1042,FFHQ/33551.png,0
1043,FFHQ/22679.png,0
1044,FFHQ/25350.png,0
1045,stylegan2_new/71063.png,1
1046,stylegan2_new/81323.png,1
1047,FFHQ/28204.png,0
1048,FFHQ/06079.png,0
1049,FFHQ/46344.png,0
1050,stylegan2_new/53922.png,1
1051,stylegan2_new/57126.png,1
1052,FFHQ/53642.png,0
1053,FFHQ/04811.png,0
1054,stylegan2_new/58379.png,1
1055,stylegan2_new/86693.png,1
1056,stylegan2_new/102374.png,1
1057,FFHQ/43777.png,0
1058,FFHQ/28835.png,0
1059,FFHQ/51242.png,0
1060,stylegan2_new/52572.png,1
1061,FFHQ/46157.png,0
1062,stylegan2_new/118401.png,1
1063,stylegan2_new/68951.png,1
1064,stylegan2_new/76968.png,1
1065,FFHQ/17494.png,0
1066,FFHQ/52622.png,0
1067,stylegan2_new/62647.png,1
1068,stylegan2_new/100822.png,1
1069,stylegan2_new/80004.png,1
1070,FFHQ/42094.png,0
1071,FFHQ/28788.png,0
1072,FFHQ/51662.png,0
1073,stylegan2_new/111106.png,1
1074,stylegan2_new/83580.png,1
1075,FFHQ/30541.png,0
1076,stylegan2_new/89932.png,1
1077,stylegan2_new/62956.png,1
1078,FFHQ/05757.png,0
1079,stylegan2_new/57224.png,1
1080,FFHQ/03120.png,0
1081,stylegan2_new/108202.png,1
1082,stylegan2_new/67183.png,1
1083,stylegan2_new/84001.png,1
1084,FFHQ/02796.png,0
1085,stylegan2_new/52956.png,1
1086,FFHQ/39159.png,0
1087,FFHQ/41703.png,0
1088,stylegan2_new/60068.png,1
1089,stylegan2_new/108681.png,1
1090,stylegan2_new/99060.png,1
1091,FFHQ/18249.png,0
1092,FFHQ/01034.png,0
1093,stylegan2_new/74911.png,1
1094,stylegan2_new/96161.png,1
1095,stylegan2_new/76044.png,1
1096,stylegan2_new/107069.png,1
1097,stylegan2_new/53910.png,1
1098,stylegan2_new/118419.png,1
1099,stylegan2_new/51192.png,1
1100,FFHQ/47899.png,0
1101,FFHQ/11545.png,0
1102,stylegan2_new/117616.png,1
1103,stylegan2_new/77115.png,1
1104,stylegan2_new/65883.png,1
1105,stylegan2_new/100649.png,1
1106,FFHQ/23897.png,0
1107,FFHQ/20736.png,0
1108,FFHQ/21833.png,0
1109,stylegan2_new/82025.png,1
1110,FFHQ/50202.png,0
1111,FFHQ/22885.png,0
1112,stylegan2_new/110865.png,1
1113,FFHQ/25491.png,0
1114,stylegan2_new/64844.png,1
1115,FFHQ/42132.png,0
1116,stylegan2_new/112370.png,1
1117,stylegan2_new/76777.png,1
1118,FFHQ/50509.png,0
1119,FFHQ/53387.png,0
1120,stylegan2_new/77372.png,1
1121,FFHQ/12054.png,0
1122,FFHQ/48517.png,0
1123,FFHQ/33605.png,0
1124,FFHQ/36676.png,0
1125,stylegan2_new/104149.png,1
1126,stylegan2_new/93526.png,1
1127,stylegan2_new/97915.png,1
1128,FFHQ/04032.png,0
1129,FFHQ/17434.png,0
1130,stylegan2_new/100979.png,1
1131,stylegan2_new/114629.png,1
1132,FFHQ/33748.png,0
1133,stylegan2_new/112941.png,1
1134,FFHQ/42242.png,0
1135,FFHQ/01177.png,0
1136,FFHQ/15458.png,0
1137,stylegan2_new/84484.png,1
1138,stylegan2_new/87612.png,1
1139,stylegan2_new/88596.png,1
1140,FFHQ/35274.png,0
1141,stylegan2_new/109215.png,1
1142,stylegan2_new/61572.png,1
1143,stylegan2_new/116399.png,1
1144,stylegan2_new/86339.png,1
1145,FFHQ/46236.png,0
1146,stylegan2_new/91255.png,1
1147,stylegan2_new/118971.png,1
1148,FFHQ/36858.png,0
1149,stylegan2_new/55256.png,1
1150,FFHQ/22508.png,0
1151,FFHQ/32043.png,0
1152,stylegan2_new/118566.png,1
1153,stylegan2_new/105188.png,1
1154,stylegan2_new/109221.png,1
1155,FFHQ/42123.png,0
1156,stylegan2_new/73621.png,1
1157,FFHQ/01457.png,0
1158,stylegan2_new/101340.png,1
1159,stylegan2_new/88504.png,1
1160,FFHQ/48661.png,0
1161,FFHQ/30565.png,0
1162,stylegan2_new/55862.png,1
1163,FFHQ/28093.png,0
1164,stylegan2_new/70575.png,1
1165,stylegan2_new/96574.png,1
1166,FFHQ/34213.png,0
1167,stylegan2_new/118897.png,1
1168,stylegan2_new/72056.png,1
1169,stylegan2_new/51514.png,1
1170,stylegan2_new/96706.png,1
1171,FFHQ/52486.png,0
1172,stylegan2_new/63230.png,1
1173,stylegan2_new/91071.png,1
1174,FFHQ/29973.png,0
1175,stylegan2_new/65918.png,1
1176,FFHQ/44714.png,0
1177,FFHQ/46181.png,0
1178,FFHQ/33005.png,0
1179,stylegan2_new/114662.png,1
1180,stylegan2_new/59448.png,1
1181,stylegan2_new/77808.png,1
1182,FFHQ/20253.png,0
1183,FFHQ/29213.png,0
1184,FFHQ/38183.png,0
1185,stylegan2_new/95793.png,1
1186,FFHQ/48690.png,0
1187,FFHQ/01717.png,0
1188,FFHQ/53294.png,0
1189,stylegan2_new/80273.png,1
1190,FFHQ/30825.png,0
1191,FFHQ/34630.png,0
1192,stylegan2_new/105965.png,1
1193,FFHQ/27934.png,0
1194,FFHQ/45878.png,0
1195,FFHQ/08683.png,0
1196,FFHQ/25903.png,0
1197,stylegan2_new/101507.png,1
1198,FFHQ/28368.png,0
1199,stylegan2_new/75488.png,1
1200,FFHQ/38251.png,0
1201,FFHQ/02834.png,0
1202,FFHQ/23629.png,0
1203,FFHQ/41576.png,0
1204,stylegan2_new/91999.png,1
1205,stylegan2_new/83572.png,1
1206,FFHQ/38642.png,0
1207,FFHQ/26273.png,0
1208,FFHQ/22439.png,0
1209,stylegan2_new/82784.png,1
1210,stylegan2_new/74832.png,1
1211,FFHQ/26562.png,0
1212,FFHQ/33528.png,0
1213,FFHQ/23182.png,0
1214,stylegan2_new/114060.png,1
1215,FFHQ/33846.png,0
1216,stylegan2_new/106310.png,1
1217,FFHQ/49683.png,0
1218,stylegan2_new/58764.png,1
1219,FFHQ/28556.png,0
1220,FFHQ/40191.png,0
1221,FFHQ/34742.png,0
1222,FFHQ/47761.png,0
1223,FFHQ/14761.png,0
1224,FFHQ/18778.png,0
1225,stylegan2_new/82781.png,1
1226,FFHQ/30782.png,0
1227,stylegan2_new/83649.png,1
1228,FFHQ/30752.png,0
1229,stylegan2_new/72749.png,1
1230,FFHQ/34338.png,0
1231,FFHQ/11873.png,0
1232,FFHQ/13579.png,0
1233,stylegan2_new/106275.png,1
1234,FFHQ/44303.png,0
1235,FFHQ/48084.png,0
1236,stylegan2_new/103380.png,1
1237,FFHQ/02284.png,0
1238,stylegan2_new/67213.png,1
1239,FFHQ/25386.png,0
1240,FFHQ/43703.png,0
1241,stylegan2_new/108471.png,1
1242,FFHQ/31829.png,0
1243,FFHQ/32704.png,0
1244,stylegan2_new/88034.png,1
1245,FFHQ/51495.png,0
1246,stylegan2_new/51479.png,1
1247,stylegan2_new/100730.png,1
1248,stylegan2_new/90825.png,1
1249,stylegan2_new/87868.png,1
1250,FFHQ/25175.png,0
1251,FFHQ/30428.png,0
1252,FFHQ/50335.png,0
1253,stylegan2_new/118537.png,1
1254,stylegan2_new/119140.png,1
1255,stylegan2_new/102487.png,1
1256,FFHQ/41430.png,0
1257,stylegan2_new/113352.png,1
1258,FFHQ/44581.png,0
1259,stylegan2_new/97123.png,1
1260,stylegan2_new/106020.png,1
1261,FFHQ/15806.png,0
1262,FFHQ/48396.png,0
1263,stylegan2_new/67081.png,1
1264,FFHQ/52181.png,0
1265,stylegan2_new/60257.png,1
1266,stylegan2_new/82068.png,1
1267,FFHQ/42342.png,0
1268,stylegan2_new/67252.png,1
1269,FFHQ/49806.png,0
1270,stylegan2_new/99007.png,1
1271,stylegan2_new/94099.png,1
1272,FFHQ/33474.png,0
1273,FFHQ/44331.png,0
1274,stylegan2_new/111045.png,1
1275,FFHQ/36787.png,0
1276,FFHQ/29244.png,0
1277,stylegan2_new/59934.png,1
1278,FFHQ/24580.png,0
1279,stylegan2_new/82506.png,1
1280,FFHQ/12038.png,0
1281,FFHQ/52504.png,0
1282,FFHQ/05031.png,0
1283,FFHQ/25221.png,0
1284,FFHQ/29874.png,0
1285,stylegan2_new/106781.png,1
1286,stylegan2_new/97533.png,1
1287,FFHQ/46153.png,0
1288,stylegan2_new/82382.png,1
1289,stylegan2_new/101894.png,1
1290,stylegan2_new/56571.png,1
1291,FFHQ/04580.png,0
1292,stylegan2_new/101869.png,1
1293,stylegan2_new/102037.png,1
1294,stylegan2_new/97386.png,1
1295,stylegan2_new/98548.png,1
1296,FFHQ/35857.png,0
1297,FFHQ/14362.png,0
1298,FFHQ/29651.png,0
1299,stylegan2_new/108914.png,1
1300,stylegan2_new/98852.png,1
1301,FFHQ/49318.png,0
1302,FFHQ/04528.png,0
1303,FFHQ/49088.png,0
1304,stylegan2_new/102414.png,1
1305,FFHQ/08212.png,0
1306,FFHQ/40606.png,0
1307,FFHQ/02806.png,0
1308,stylegan2_new/59724.png,1
1309,stylegan2_new/87100.png,1
1310,stylegan2_new/102391.png,1
1311,FFHQ/49391.png,0
1312,stylegan2_new/72233.png,1
1313,FFHQ/49375.png,0
1314,stylegan2_new/96767.png,1
1315,FFHQ/27728.png,0
1316,FFHQ/08788.png,0
1317,stylegan2_new/89543.png,1
1318,stylegan2_new/106018.png,1
1319,stylegan2_new/82225.png,1
1320,stylegan2_new/83717.png,1
1321,FFHQ/37868.png,0
1322,stylegan2_new/115140.png,1
1323,stylegan2_new/78593.png,1
1324,stylegan2_new/107751.png,1
1325,FFHQ/19816.png,0
1326,stylegan2_new/82443.png,1
1327,stylegan2_new/78926.png,1
1328,FFHQ/20699.png,0
1329,stylegan2_new/102344.png,1
1330,stylegan2_new/90429.png,1
1331,stylegan2_new/99017.png,1
1332,stylegan2_new/110233.png,1
1333,FFHQ/08808.png,0
1334,FFHQ/29516.png,0
1335,stylegan2_new/108338.png,1
1336,stylegan2_new/110481.png,1
1337,stylegan2_new/83683.png,1
1338,FFHQ/00424.png,0
1339,FFHQ/46196.png,0
1340,FFHQ/40835.png,0
1341,FFHQ/03907.png,0
1342,FFHQ/23099.png,0
1343,FFHQ/07046.png,0
1344,FFHQ/37251.png,0
1345,FFHQ/05506.png,0
1346,FFHQ/19330.png,0
1347,stylegan2_new/91167.png,1
1348,FFHQ/53262.png,0
1349,stylegan2_new/101183.png,1
1350,FFHQ/46375.png,0
1351,FFHQ/00988.png,0
1352,FFHQ/22919.png,0
1353,stylegan2_new/99124.png,1
1354,FFHQ/13832.png,0
1355,stylegan2_new/93250.png,1
1356,stylegan2_new/113385.png,1
1357,FFHQ/14722.png,0
1358,FFHQ/40750.png,0
1359,FFHQ/23855.png,0
1360,FFHQ/44868.png,0
1361,FFHQ/40271.png,0
1362,FFHQ/42615.png,0
1363,stylegan2_new/62405.png,1
1364,stylegan2_new/87354.png,1
1365,stylegan2_new/93553.png,1
1366,FFHQ/16698.png,0
1367,stylegan2_new/72369.png,1
1368,stylegan2_new/79148.png,1
1369,FFHQ/18091.png,0
1370,stylegan2_new/98123.png,1
1371,stylegan2_new/63941.png,1
1372,stylegan2_new/104450.png,1
1373,stylegan2_new/61401.png,1
1374,FFHQ/12912.png,0
1375,stylegan2_new/119312.png,1
1376,FFHQ/43607.png,0
1377,stylegan2_new/111316.png,1
1378,stylegan2_new/82665.png,1
1379,stylegan2_new/98103.png,1
1380,FFHQ/02701.png,0
1381,stylegan2_new/70921.png,1
1382,FFHQ/27973.png,0
1383,FFHQ/28245.png,0
1384,stylegan2_new/60926.png,1
1385,FFHQ/12595.png,0
1386,FFHQ/50753.png,0
1387,FFHQ/35840.png,0
1388,stylegan2_new/53053.png,1
1389,FFHQ/38231.png,0
1390,FFHQ/26415.png,0
1391,FFHQ/48429.png,0
1392,stylegan2_new/53924.png,1
1393,FFHQ/12268.png,0
1394,stylegan2_new/70455.png,1
1395,stylegan2_new/56666.png,1
1396,stylegan2_new/72940.png,1
1397,stylegan2_new/115508.png,1
1398,stylegan2_new/74436.png,1
1399,FFHQ/48647.png,0
1400,FFHQ/00439.png,0
1401,stylegan2_new/81829.png,1
1402,stylegan2_new/78623.png,1
1403,stylegan2_new/90661.png,1
1404,stylegan2_new/54536.png,1
1405,stylegan2_new/80952.png,1
1406,stylegan2_new/78058.png,1
1407,FFHQ/24123.png,0
1408,stylegan2_new/87287.png,1
1409,FFHQ/34861.png,0
1410,stylegan2_new/71762.png,1
1411,FFHQ/47087.png,0
1412,stylegan2_new/108920.png,1
1413,FFHQ/06912.png,0
1414,stylegan2_new/87519.png,1
1415,stylegan2_new/86670.png,1
1416,FFHQ/12829.png,0
1417,FFHQ/02077.png,0
1418,stylegan2_new/63211.png,1
1419,stylegan2_new/74659.png,1
1420,stylegan2_new/57965.png,1
1421,stylegan2_new/112704.png,1
1422,stylegan2_new/59178.png,1
1423,FFHQ/51682.png,0
1424,stylegan2_new/79607.png,1
1425,FFHQ/49619.png,0
1426,FFHQ/49164.png,0
1427,FFHQ/33497.png,0
1428,FFHQ/53355.png,0
1429,FFHQ/22074.png,0
1430,stylegan2_new/107319.png,1
1431,stylegan2_new/70005.png,1
1432,FFHQ/06153.png,0
1433,stylegan2_new/87729.png,1
1434,stylegan2_new/53440.png,1
1435,FFHQ/25235.png,0
1436,stylegan2_new/57812.png,1
1437,stylegan2_new/63967.png,1
1438,stylegan2_new/107135.png,1
1439,FFHQ/22436.png,0
1440,stylegan2_new/59716.png,1
1441,FFHQ/41931.png,0
1442,stylegan2_new/110793.png,1
1443,stylegan2_new/119909.png,1
1444,FFHQ/28048.png,0
1445,FFHQ/53671.png,0
1446,FFHQ/52266.png,0
1447,stylegan2_new/78037.png,1
1448,stylegan2_new/60227.png,1
1449,FFHQ/02873.png,0
1450,FFHQ/07342.png,0
1451,stylegan2_new/52925.png,1
1452,FFHQ/35010.png,0
1453,FFHQ/41302.png,0
1454,FFHQ/14895.png,0
1455,FFHQ/36192.png,0
1456,stylegan2_new/72342.png,1
1457,FFHQ/00903.png,0
1458,FFHQ/06473.png,0
1459,stylegan2_new/61246.png,1
1460,FFHQ/13595.png,0
1461,stylegan2_new/79583.png,1
1462,stylegan2_new/68714.png,1
1463,stylegan2_new/83624.png,1
1464,stylegan2_new/89524.png,1
1465,stylegan2_new/101797.png,1
1466,FFHQ/13117.png,0
1467,stylegan2_new/91432.png,1
1468,stylegan2_new/83055.png,1
1469,FFHQ/47928.png,0
1470,FFHQ/40426.png,0
1471,stylegan2_new/70233.png,1
1472,stylegan2_new/72493.png,1
1473,FFHQ/30182.png,0
1474,stylegan2_new/93667.png,1
1475,FFHQ/30080.png,0
1476,FFHQ/49651.png,0
1477,FFHQ/29241.png,0
1478,stylegan2_new/90176.png,1
1479,FFHQ/40614.png,0
1480,stylegan2_new/67880.png,1
1481,FFHQ/11978.png,0
1482,stylegan2_new/78577.png,1
1483,stylegan2_new/113076.png,1
1484,stylegan2_new/61146.png,1
1485,stylegan2_new/83910.png,1
1486,FFHQ/28264.png,0
1487,FFHQ/03706.png,0
1488,stylegan2_new/68100.png,1
1489,FFHQ/19215.png,0
1490,stylegan2_new/51159.png,1
1491,FFHQ/37621.png,0
1492,stylegan2_new/97278.png,1
1493,FFHQ/42963.png,0
1494,FFHQ/41495.png,0
1495,FFHQ/17847.png,0
1496,stylegan2_new/87857.png,1
1497,stylegan2_new/69010.png,1
1498,FFHQ/37383.png,0
1499,FFHQ/38202.png,0
1500,FFHQ/13535.png,0
1501,FFHQ/35554.png,0
1502,stylegan2_new/92655.png,1
1503,stylegan2_new/73228.png,1
1504,FFHQ/33002.png,0
1505,FFHQ/13180.png,0
1506,stylegan2_new/89010.png,1
1507,stylegan2_new/59561.png,1
1508,stylegan2_new/96158.png,1
1509,FFHQ/08891.png,0
1510,stylegan2_new/79605.png,1
1511,FFHQ/21308.png,0
1512,stylegan2_new/102316.png,1
1513,FFHQ/03975.png,0
1514,FFHQ/51556.png,0
1515,stylegan2_new/60032.png,1
1516,FFHQ/40990.png,0
1517,FFHQ/04807.png,0
1518,FFHQ/45152.png,0
1519,FFHQ/45752.png,0
1520,stylegan2_new/73238.png,1
1521,FFHQ/39120.png,0
1522,FFHQ/41815.png,0
1523,FFHQ/49841.png,0
1524,stylegan2_new/100522.png,1
1525,FFHQ/26099.png,0
1526,stylegan2_new/78950.png,1
1527,FFHQ/08283.png,0
1528,FFHQ/50420.png,0
1529,FFHQ/19942.png,0
1530,stylegan2_new/114386.png,1
1531,FFHQ/17338.png,0
1532,stylegan2_new/108093.png,1
1533,stylegan2_new/111678.png,1
1534,FFHQ/34266.png,0
1535,FFHQ/42809.png,0
1536,stylegan2_new/86305.png,1
1537,stylegan2_new/116529.png,1
1538,stylegan2_new/75443.png,1
1539,stylegan2_new/67122.png,1
1540,FFHQ/21485.png,0
1541,stylegan2_new/51692.png,1
1542,FFHQ/28457.png,0
1543,FFHQ/20915.png,0
1544,FFHQ/12149.png,0
1545,stylegan2_new/87272.png,1
1546,stylegan2_new/87319.png,1
1547,stylegan2_new/53717.png,1
1548,stylegan2_new/51806.png,1
1549,stylegan2_new/90281.png,1
1550,FFHQ/49627.png,0
1551,FFHQ/23612.png,0
1552,stylegan2_new/101913.png,1
1553,stylegan2_new/55307.png,1
1554,stylegan2_new/119417.png,1
1555,stylegan2_new/85103.png,1
1556,FFHQ/11437.png,0
1557,stylegan2_new/69623.png,1
1558,FFHQ/53139.png,0
1559,stylegan2_new/110417.png,1
1560,stylegan2_new/94491.png,1
1561,stylegan2_new/70393.png,1
1562,FFHQ/14756.png,0
1563,stylegan2_new/95881.png,1
1564,stylegan2_new/107771.png,1
1565,stylegan2_new/64544.png,1
1566,FFHQ/50639.png,0
1567,stylegan2_new/109693.png,1
1568,stylegan2_new/55887.png,1
1569,stylegan2_new/64249.png,1
1570,stylegan2_new/113725.png,1
1571,stylegan2_new/66576.png,1
1572,FFHQ/34278.png,0
1573,FFHQ/44223.png,0
1574,FFHQ/51511.png,0
1575,FFHQ/42567.png,0
1576,stylegan2_new/91499.png,1
1577,stylegan2_new/93926.png,1
1578,stylegan2_new/116824.png,1
1579,FFHQ/05620.png,0
1580,FFHQ/37440.png,0
1581,stylegan2_new/91418.png,1
1582,FFHQ/44746.png,0
1583,stylegan2_new/92575.png,1
1584,stylegan2_new/59367.png,1
1585,stylegan2_new/68207.png,1
1586,stylegan2_new/119855.png,1
1587,stylegan2_new/116156.png,1
1588,stylegan2_new/112320.png,1
1589,FFHQ/31200.png,0
1590,FFHQ/46207.png,0
1591,FFHQ/50577.png,0
1592,FFHQ/13195.png,0
1593,FFHQ/44200.png,0
1594,stylegan2_new/99528.png,1
1595,stylegan2_new/104399.png,1
1596,stylegan2_new/60543.png,1
1597,FFHQ/02847.png,0
1598,FFHQ/04972.png,0
1599,FFHQ/36156.png,0
1600,FFHQ/36528.png,0
1601,stylegan2_new/64643.png,1
1602,stylegan2_new/67823.png,1
1603,stylegan2_new/119687.png,1
1604,FFHQ/45546.png,0
1605,FFHQ/05738.png,0
1606,stylegan2_new/61765.png,1
1607,stylegan2_new/55024.png,1
1608,stylegan2_new/113568.png,1
1609,FFHQ/16092.png,0
1610,stylegan2_new/110935.png,1
1611,FFHQ/30790.png,0
1612,FFHQ/16710.png,0
1613,stylegan2_new/102023.png,1
1614,FFHQ/40683.png,0
1615,FFHQ/11149.png,0
1616,stylegan2_new/69465.png,1
1617,FFHQ/24819.png,0
1618,stylegan2_new/103801.png,1
1619,FFHQ/28992.png,0
1620,FFHQ/34894.png,0
1621,FFHQ/20757.png,0
1622,stylegan2_new/89452.png,1
1623,stylegan2_new/113959.png,1
1624,stylegan2_new/59153.png,1
1625,stylegan2_new/93982.png,1
1626,stylegan2_new/85090.png,1
1627,stylegan2_new/70312.png,1
1628,stylegan2_new/77793.png,1
1629,stylegan2_new/94123.png,1
1630,FFHQ/29144.png,0
1631,FFHQ/51835.png,0
1632,FFHQ/13042.png,0
1633,stylegan2_new/69937.png,1
1634,FFHQ/22469.png,0
1635,FFHQ/03597.png,0
1636,FFHQ/39698.png,0
1637,FFHQ/35861.png,0
1638,FFHQ/16139.png,0
1639,stylegan2_new/69207.png,1
1640,FFHQ/24225.png,0
1641,FFHQ/33273.png,0
1642,FFHQ/43442.png,0
1643,stylegan2_new/67136.png,1
1644,stylegan2_new/100727.png,1
1645,stylegan2_new/100163.png,1
1646,FFHQ/18276.png,0
1647,stylegan2_new/117241.png,1
1648,stylegan2_new/79436.png,1
1649,FFHQ/11300.png,0
1650,stylegan2_new/119278.png,1
1651,FFHQ/24192.png,0
1652,stylegan2_new/113511.png,1
1653,FFHQ/36574.png,0
1654,FFHQ/42138.png,0
1655,FFHQ/51599.png,0
1656,stylegan2_new/104903.png,1
1657,stylegan2_new/100813.png,1
1658,FFHQ/25621.png,0
1659,FFHQ/38704.png,0
1660,stylegan2_new/113796.png,1
1661,stylegan2_new/85979.png,1
1662,stylegan2_new/80465.png,1
1663,stylegan2_new/95016.png,1
1664,FFHQ/15433.png,0
1665,stylegan2_new/50771.png,1
1666,stylegan2_new/77713.png,1
1667,stylegan2_new/97391.png,1
1668,FFHQ/48040.png,0
1669,stylegan2_new/90578.png,1
1670,FFHQ/46084.png,0
1671,stylegan2_new/63372.png,1
1672,stylegan2_new/76874.png,1
1673,stylegan2_new/82975.png,1
1674,stylegan2_new/50684.png,1
1675,FFHQ/14257.png,0
1676,FFHQ/06323.png,0
1677,stylegan2_new/72702.png,1
1678,stylegan2_new/95594.png,1
1679,stylegan2_new/64518.png,1
1680,stylegan2_new/55296.png,1
1681,FFHQ/37392.png,0
1682,FFHQ/36282.png,0
1683,FFHQ/17867.png,0
1684,FFHQ/36194.png,0
1685,FFHQ/20964.png,0
1686,stylegan2_new/93323.png,1
1687,FFHQ/15981.png,0
1688,FFHQ/04000.png,0
1689,stylegan2_new/51027.png,1
1690,stylegan2_new/89200.png,1
1691,FFHQ/06054.png,0
1692,stylegan2_new/90293.png,1
1693,stylegan2_new/101905.png,1
1694,stylegan2_new/91061.png,1
1695,FFHQ/45337.png,0
1696,FFHQ/28233.png,0
1697,stylegan2_new/66541.png,1
1698,FFHQ/42073.png,0
1699,FFHQ/34903.png,0
1700,FFHQ/22207.png,0
1701,stylegan2_new/73812.png,1
1702,FFHQ/31704.png,0
1703,stylegan2_new/87621.png,1
1704,FFHQ/20768.png,0
1705,FFHQ/16025.png,0
1706,stylegan2_new/79916.png,1
1707,FFHQ/17222.png,0
1708,FFHQ/32037.png,0
1709,stylegan2_new/84758.png,1
1710,stylegan2_new/56660.png,1
1711,stylegan2_new/80771.png,1
1712,stylegan2_new/100303.png,1
1713,stylegan2_new/69600.png,1
1714,FFHQ/49230.png,0
1715,FFHQ/30246.png,0
1716,stylegan2_new/51690.png,1
1717,FFHQ/03344.png,0
1718,FFHQ/00513.png,0
1719,stylegan2_new/98158.png,1
1720,FFHQ/52728.png,0
1721,stylegan2_new/100829.png,1
1722,stylegan2_new/81395.png,1
1723,stylegan2_new/54355.png,1
1724,FFHQ/42718.png,0
1725,FFHQ/13600.png,0
1726,stylegan2_new/100836.png,1
1727,stylegan2_new/101450.png,1
1728,FFHQ/22685.png,0
1729,FFHQ/30907.png,0
1730,stylegan2_new/69788.png,1
1731,stylegan2_new/81925.png,1
1732,stylegan2_new/54140.png,1
1733,FFHQ/43052.png,0
1734,FFHQ/19169.png,0
1735,stylegan2_new/114457.png,1
1736,FFHQ/22422.png,0
1737,FFHQ/46496.png,0
1738,stylegan2_new/102701.png,1
1739,FFHQ/19760.png,0
1740,stylegan2_new/80735.png,1
1741,stylegan2_new/109631.png,1
1742,stylegan2_new/51492.png,1
1743,stylegan2_new/72727.png,1
1744,stylegan2_new/93980.png,1
1745,FFHQ/46132.png,0
1746,stylegan2_new/95221.png,1
1747,FFHQ/13119.png,0
1748,FFHQ/35871.png,0
1749,stylegan2_new/56962.png,1
1750,stylegan2_new/68568.png,1
1751,stylegan2_new/71322.png,1
1752,stylegan2_new/68013.png,1
1753,FFHQ/53297.png,0
1754,FFHQ/25068.png,0
1755,stylegan2_new/50157.png,1
1756,stylegan2_new/78052.png,1
1757,FFHQ/17100.png,0
1758,stylegan2_new/76716.png,1
1759,FFHQ/42581.png,0
1760,FFHQ/01787.png,0
1761,FFHQ/39087.png,0
1762,FFHQ/23112.png,0
1763,FFHQ/01854.png,0
1764,FFHQ/39348.png,0
1765,FFHQ/20270.png,0
1766,stylegan2_new/108552.png,1
1767,FFHQ/45049.png,0
1768,FFHQ/34611.png,0
1769,stylegan2_new/106986.png,1
1770,FFHQ/43887.png,0
1771,stylegan2_new/53946.png,1
1772,FFHQ/05554.png,0
1773,stylegan2_new/115732.png,1
1774,FFHQ/00432.png,0
1775,stylegan2_new/81386.png,1
1776,FFHQ/45701.png,0
1777,stylegan2_new/55336.png,1
1778,FFHQ/02844.png,0
1779,stylegan2_new/79945.png,1
1780,stylegan2_new/60959.png,1
1781,FFHQ/23584.png,0
1782,stylegan2_new/87116.png,1
1783,FFHQ/17084.png,0
1784,stylegan2_new/79786.png,1
1785,FFHQ/05963.png,0
1786,stylegan2_new/83169.png,1
1787,stylegan2_new/98183.png,1
1788,stylegan2_new/109769.png,1
1789,FFHQ/45273.png,0
1790,stylegan2_new/54722.png,1
1791,FFHQ/26385.png,0
1792,stylegan2_new/57765.png,1
1793,FFHQ/30906.png,0
1794,stylegan2_new/63007.png,1
1795,stylegan2_new/86248.png,1
1796,FFHQ/07451.png,0
1797,FFHQ/16361.png,0
1798,stylegan2_new/65979.png,1
1799,stylegan2_new/103320.png,1
1800,FFHQ/31695.png,0
1801,FFHQ/24222.png,0
1802,FFHQ/48759.png,0
1803,stylegan2_new/91846.png,1
1804,stylegan2_new/88004.png,1
1805,FFHQ/46283.png,0
1806,stylegan2_new/100002.png,1
1807,FFHQ/05717.png,0
1808,FFHQ/12522.png,0
1809,stylegan2_new/90599.png,1
1810,FFHQ/00908.png,0
1811,FFHQ/13998.png,0
1812,stylegan2_new/90449.png,1
1813,FFHQ/18641.png,0
1814,stylegan2_new/64355.png,1
1815,FFHQ/44406.png,0
1816,FFHQ/39604.png,0
1817,FFHQ/42352.png,0
1818,FFHQ/32091.png,0
1819,stylegan2_new/100648.png,1
1820,FFHQ/53179.png,0
1821,stylegan2_new/118816.png,1
1822,FFHQ/15325.png,0
1823,FFHQ/06139.png,0
1824,FFHQ/28488.png,0
1825,FFHQ/49251.png,0
1826,FFHQ/07825.png,0
1827,stylegan2_new/91690.png,1
1828,FFHQ/29698.png,0
1829,stylegan2_new/108382.png,1
1830,stylegan2_new/116378.png,1
1831,stylegan2_new/92004.png,1
1832,stylegan2_new/118404.png,1
1833,stylegan2_new/119378.png,1
1834,FFHQ/30403.png,0
1835,stylegan2_new/84880.png,1
1836,stylegan2_new/68651.png,1
1837,FFHQ/22763.png,0
1838,FFHQ/34820.png,0
1839,FFHQ/45509.png,0
1840,stylegan2_new/84624.png,1
1841,stylegan2_new/54458.png,1
1842,stylegan2_new/67130.png,1
1843,FFHQ/04397.png,0
1844,stylegan2_new/119386.png,1
1845,FFHQ/51831.png,0
1846,stylegan2_new/115101.png,1
1847,FFHQ/46122.png,0
1848,FFHQ/13337.png,0
1849,FFHQ/47039.png,0
1850,FFHQ/33221.png,0
1851,FFHQ/15520.png,0
1852,stylegan2_new/51136.png,1
1853,FFHQ/05500.png,0
1854,FFHQ/21026.png,0
1855,stylegan2_new/109716.png,1
1856,FFHQ/23681.png,0
1857,FFHQ/06905.png,0
1858,stylegan2_new/115112.png,1
1859,FFHQ/29980.png,0
1860,stylegan2_new/107938.png,1
1861,FFHQ/14614.png,0
1862,stylegan2_new/100068.png,1
1863,FFHQ/35044.png,0
1864,FFHQ/03573.png,0
1865,FFHQ/22168.png,0
1866,stylegan2_new/89914.png,1
1867,FFHQ/23505.png,0
1868,FFHQ/50246.png,0
1869,FFHQ/05268.png,0
1870,FFHQ/24100.png,0
1871,stylegan2_new/99420.png,1
1872,FFHQ/17580.png,0
1873,FFHQ/32205.png,0
1874,FFHQ/51248.png,0
1875,stylegan2_new/104116.png,1
1876,FFHQ/39409.png,0
1877,stylegan2_new/86245.png,1
1878,stylegan2_new/98329.png,1
1879,FFHQ/14016.png,0
1880,FFHQ/45702.png,0
1881,FFHQ/47188.png,0
1882,FFHQ/02433.png,0
1883,stylegan2_new/60631.png,1
1884,stylegan2_new/111904.png,1
1885,FFHQ/18644.png,0
1886,FFHQ/39903.png,0
1887,stylegan2_new/82968.png,1
1888,stylegan2_new/82256.png,1
1889,stylegan2_new/58773.png,1
1890,FFHQ/31876.png,0
1891,stylegan2_new/106218.png,1
1892,stylegan2_new/110750.png,1
1893,FFHQ/39826.png,0
1894,FFHQ/46015.png,0
1895,FFHQ/14726.png,0
1896,stylegan2_new/68352.png,1
1897,FFHQ/48088.png,0
1898,FFHQ/31358.png,0
1899,FFHQ/45319.png,0
1900,FFHQ/41814.png,0
1901,FFHQ/42741.png,0
1902,FFHQ/28687.png,0
1903,stylegan2_new/104278.png,1
1904,FFHQ/12733.png,0
1905,stylegan2_new/62472.png,1
1906,stylegan2_new/104367.png,1
1907,FFHQ/00162.png,0
1908,stylegan2_new/79750.png,1
1909,FFHQ/25529.png,0
1910,stylegan2_new/71729.png,1
1911,FFHQ/13051.png,0
1912,FFHQ/16726.png,0
1913,FFHQ/25821.png,0
1914,stylegan2_new/116298.png,1
1915,stylegan2_new/65649.png,1
1916,FFHQ/33482.png,0
1917,stylegan2_new/61093.png,1
1918,stylegan2_new/103690.png,1
1919,stylegan2_new/71582.png,1
1920,FFHQ/03599.png,0
1921,FFHQ/21540.png,0
1922,FFHQ/31242.png,0
1923,FFHQ/01992.png,0
1924,stylegan2_new/83054.png,1
1925,stylegan2_new/56023.png,1
1926,stylegan2_new/82863.png,1
1927,FFHQ/50510.png,0
1928,stylegan2_new/95572.png,1
1929,FFHQ/41769.png,0
1930,stylegan2_new/103560.png,1
1931,FFHQ/03572.png,0
1932,FFHQ/29267.png,0
1933,stylegan2_new/76349.png,1
1934,stylegan2_new/77368.png,1
1935,FFHQ/38304.png,0
1936,FFHQ/15501.png,0
1937,FFHQ/12118.png,0
1938,stylegan2_new/117840.png,1
1939,FFHQ/22583.png,0
1940,stylegan2_new/52677.png,1
1941,FFHQ/44163.png,0
1942,FFHQ/01340.png,0
1943,FFHQ/48096.png,0
1944,FFHQ/45227.png,0
1945,FFHQ/06423.png,0
1946,stylegan2_new/73699.png,1
1947,FFHQ/02026.png,0
1948,FFHQ/15360.png,0
1949,FFHQ/18598.png,0
1950,FFHQ/05759.png,0
1951,FFHQ/19308.png,0
1952,stylegan2_new/86020.png,1
1953,stylegan2_new/107263.png,1
1954,FFHQ/33926.png,0
1955,stylegan2_new/111776.png,1
1956,stylegan2_new/107915.png,1
1957,stylegan2_new/69346.png,1
1958,stylegan2_new/55595.png,1
1959,FFHQ/00080.png,0
1960,FFHQ/19101.png,0
1961,stylegan2_new/105902.png,1
1962,FFHQ/40440.png,0
1963,FFHQ/24521.png,0
1964,stylegan2_new/65585.png,1
1965,FFHQ/29582.png,0
1966,FFHQ/06503.png,0
1967,FFHQ/35515.png,0
1968,stylegan2_new/91092.png,1
1969,FFHQ/45153.png,0
1970,FFHQ/04705.png,0
1971,stylegan2_new/67969.png,1
1972,stylegan2_new/76401.png,1
1973,FFHQ/06586.png,0
1974,FFHQ/37777.png,0
1975,FFHQ/01559.png,0
1976,stylegan2_new/54522.png,1
1977,FFHQ/11058.png,0
1978,stylegan2_new/54748.png,1
1979,stylegan2_new/107525.png,1
1980,stylegan2_new/101021.png,1
1981,FFHQ/26951.png,0
1982,stylegan2_new/83010.png,1
1983,FFHQ/51394.png,0
1984,stylegan2_new/97196.png,1
1985,FFHQ/53450.png,0
1986,FFHQ/04108.png,0
1987,FFHQ/26689.png,0
1988,FFHQ/15295.png,0
1989,FFHQ/21524.png,0
1990,stylegan2_new/61423.png,1
1991,stylegan2_new/105626.png,1
1992,FFHQ/45548.png,0
1993,stylegan2_new/74223.png,1
1994,stylegan2_new/59062.png,1
1995,FFHQ/28147.png,0
1996,FFHQ/07779.png,0
1997,stylegan2_new/63853.png,1
1998,stylegan2_new/104398.png,1
1999,FFHQ/08122.png,0
